,Abs Footprint,Percent Footprint
1,-56069841.4271878,-0.3677942826900952
4,-82558597.0076465,-0.6400510755189937
5,73240.82826021171,7.0802106904633195
6,2526.8903425408607,0.3487479710305712
7,2467.0004219800758,0.03124666234176072
8,5876.10014816695,0.6946804742044724
9,1153.561367375488,2.7646381339220003
11,755.6011678867699,0.18422535476399837
18,-834906.6667606868,-0.06555614908929543
