,Abs Footprint,Percent Footprint
1,-57589698.46153249,-0.368553912605292
4,-84638225.13917018,-0.6401362406170299
5,72798.9142450662,7.008804143669153
6,2578.0308252080986,0.3471607577456368
7,2514.975457578068,0.031075900059660856
8,5975.5625681252895,0.6895286352007726
9,1179.889098864419,2.760188584483
11,739.6481442807399,0.17606602426952958
18,-879252.7295694854,-0.06736157662544097
