,Abs Footprint,Percent Footprint
1,-56684654.81242922,-0.36817408437365523
4,-83385905.8564584,-0.6400936579052345
5,73065.021125866,7.051761873755982
6,2546.048559045441,0.3479545880048415
7,2484.742277381767,0.031161311084442235
8,5911.06403286547,0.6921054898699245
9,1163.7760882916002,2.76241399892006
11,745.9374955733092,0.18014730235857246
18,-854754.7720743064,-0.06645851620017622
