,Abs Footprint,Percent Footprint
1,-59296607.35682903,-0.3670347589560601
4,-87473353.67769831,-0.6399659117231487
5,72230.0923414708,6.912515624640983
6,2690.2509670749278,0.35033335235502755
7,2628.5085333166353,0.031417177371663954
8,6276.101422602911,0.6998247587702022
9,1225.055800877729,2.7690825700314274
11,836.7499208322597,0.19237179780865318
18,-860542.5433622021,-0.06375356779348346
