,Abs Footprint,Percent Footprint
1,-50466145.84999178,-0.3672879217375362
4,-74400335.3445439,-0.6399942995104135
5,74921.3734044242,7.365560651156938
6,2284.521929100858,0.34980538290564794
7,2231.5213534618088,0.0313604185811908
8,5323.897065811951,0.6981113001244909
9,1041.1692120172613,2.7676016589318304
11,701.4415374861305,0.1896577468473842
18,-738747.256421918,-0.06435363195616796
