,Abs Footprint,Percent Footprint
1,-54263897.96509302,-0.36678160797001136
4,-80099220.1678371,-0.6399375240805717
5,73752.1079846015,7.165040892068702
6,2467.4072122537,0.35086178920902916
7,2411.392636910212,0.031474030101338486
8,5762.340162529061,0.7015384589556198
9,1122.643387624821,2.770562913962257
11,777.2519909878506,0.19508442022173478
18,-780648.2769455872,-0.06315269984989282
