,Abs Footprint,Percent Footprint
1,-52348745.82248968,-0.3683006908342767
4,-76983604.9947708,-0.6401078521063288
5,74376.1663768218,7.274081593314557
6,2348.668483336811,0.34768944537826124
7,2291.818086925414,0.031132742134614057
8,5449.856974230391,0.6912458113358355
9,1074.00845751205,2.761672336321665
11,683.36143240613,0.17878723492713045
18,-792675.7906993162,-0.06676043090333998
