,Abs Footprint,Percent Footprint
1,-46753502.5959585,-0.3708334396605303
4,-68330163.6544967,-0.640391743724577
5,76142.76221075929,7.584827067501881
6,2051.0104061169004,0.34239865614211545
7,1996.0937412660933,0.030564034468828546
8,4706.654270385488,0.6740446352737924
9,945.93948617248,2.7468091677925957
11,512.4397858190205,0.15151040154590775
18,-766226.071840452,-0.07277736149787432
