,Abs Footprint,Percent Footprint
1,-59999005.54340999,-0.36285927541254653
4,-89431874.60619059,-0.63949753412133
5,71862.10512213109,6.846241955925363
6,2823.27181211427,0.3590474945856638
7,2769.7859546695254,0.03235552483130001
8,6699.100874681288,0.7280275317082284
9,1268.367951432731,2.7934359605108123
11,1059.02522460391,0.23694822993513537
18,-744277.5592731014,-0.053844699679959244
