,Abs Footprint,Percent Footprint
1,-51707324.3766792,-0.49126973793119416
4,-65926114.42222948,-0.7196032002883689
5,77654.07840579911,8.156092870856925
6,1459.3863550759706,0.28561584519932104
7,968.5330208949672,0.017285192020459444
8,1967.079193209881,0.3399480081978982
9,738.173097272294,2.834082301393443
11,-395.8072644302397,-0.16338421433415262
18,-1736531.755510334,-0.19813107616262082
