,Abs Footprint,Percent Footprint
1,-29574772.050948597,-0.510080192520323
4,-36479870.8864839,-0.7217351956236421
5,83218.49747772644,9.14637700191239
6,688.51123550388,0.24515657294944354
7,402.6435063807694,0.01302739785887206
8,628.7068762516401,0.19961838142887706
9,383.1649178194041,2.709309397319808
11,-544.9326107094721,-0.4173477223685089
18,-1178183.1321896487,-0.2446636598966962
