,Abs Footprint,Percent Footprint
1,-68204628.75265801,-0.48219897135895345
4,-88404016.50732769,-0.7185727910289315
5,73427.38560041442,7.456964630656711
6,2097.0009292022405,0.305060989847261
7,1455.5594684348907,0.019342324213652402
8,3178.6283495435673,0.40642724857535145
9,1019.6193350151029,2.8929808008565967
11,-147.3590511995194,-0.044797027122839644
18,-2073020.2694640309,-0.17577983386065274
