,Abs Footprint,Percent Footprint
1,-41262802.38837491,-0.3812300638385304
4,-58817601.087413,-0.6415558506563662
5,78051.0871660554,7.9412997502138065
6,1646.9635623224804,0.3206457499934624
7,1583.9972052395751,0.02823116743441722
8,3591.4673968943316,0.6028797935272358
9,788.3885354794609,2.6852684696424975
11,109.68104375436997,0.03815147538540169
18,-880250.2159842681,-0.09752341164684693
