,Abs Footprint,Percent Footprint
1,-76094050.44208091,-0.47326711588411274
4,-100276741.77050348,-0.7175566823489034
5,71239.51169120739,7.105507428455178
6,2535.706014490861,0.324166341094791
7,1826.9316085072787,0.02137035234465069
8,4212.231383331829,0.4711479093057568
9,1189.940131133118,2.9501925535628417
11,262.9300857027397,0.06960995870961054
18,-2064749.6069185007,-0.1538274956583747
