,Abs Footprint,Percent Footprint
1,-58000386.665769994,-0.3397624338421721
4,-91780801.41949019,-0.6369008820798187
5,71562.33827549049,6.7649754415894705
6,3313.5387982573293,0.40710275262545037
7,3313.753440083936,0.0375563454403147
8,8489.957317756349,0.8815276916339215
9,1392.484923538863,2.9257496421366964
11,2250.4655844516,0.4773111623441496
18,11045.453558042645,0.0007716396486577815
