,Abs Footprint,Percent Footprint
1,-72911481.2172,-0.4387929768637549
4,-102775432.03152011,-0.7136209992211562
5,71021.45296550199,7.029672610755774
6,3226.779583785429,0.3975314165302158
7,2575.546610340927,0.029222003525966586
8,6742.427439769741,0.714294656980531
9,1353.0431720137963,3.16398953704382
11,1988.660447120969,0.4904338873727608
18,-970142.1950122435,-0.06960352939481812
