,Abs Footprint,Percent Footprint
1,-23873886.1243954,-0.4004271873317105
4,-32558651.068441104,-0.6437001476149306
5,83431.12502426015,9.002455496751491
6,791.4575727511697,0.2803424746163331
7,740.6813131377785,0.023932325627038065
8,1521.4879526165996,0.46909713857940344
9,410.17978740874895,2.5693495476655848
11,-275.4808989974699,-0.17722625506394754
18,-711156.7585533215,-0.14339896747761896
