,Abs Footprint,Percent Footprint
1,-54106596.4464007,-0.3719735618126943
4,-78857415.49773309,-0.6405194996735957
5,73968.0564668553,7.209041372194062
6,2349.5319022411204,0.3400159056612989
7,2283.8414842003403,0.03030807844283774
8,5363.996937518012,0.6662842477708056
9,1087.863702165559,2.740102097337352
11,542.5453965933602,0.1391887319603822
18,-916793.7888230365,-0.07548737686008394
