,Abs Footprint,Percent Footprint
1,-76683547.9310089,-0.46249382292750507
4,-103140546.33170809,-0.7163291299227519
5,70775.9218729576,7.021622401575772
6,2803.9166106006096,0.3471582111282505
7,2098.350592249699,0.02382004804863195
8,5088.784904246391,0.5482550053943566
9,1265.537764651434,3.018185531309176
11,806.5270856800303,0.20458226298008306
18,-1766328.885160569,-0.12741972447754593
