,Abs Footprint,Percent Footprint
1,-59999663.250553995,-0.35186654808120427
4,-91965829.0870286,-0.6382629092203049
5,71427.9008174534,6.760449560279824
6,3101.090726292149,0.3819508028899628
7,3072.2870092758385,0.034828769301976904
8,7656.65414092999,0.8016100776326239
9,1347.474557358229,2.8569109126586287
11,1642.2303554252894,0.3526405840576335
18,-396972.6015993543,-0.02780815260073769
