,Abs Footprint,Percent Footprint
1,-74797514.5741044,-0.45063057530785444
4,-102957989.18161461,-0.7149749010801761
5,70898.68741922981,7.025652169846626
6,3015.3480971930194,0.3724074531250222
7,2336.948601295313,0.026521722361020943
8,5915.6061720080725,0.6319732559136486
9,1309.2904683326149,3.0918049106575576
11,1397.593766400501,0.34952024779292523
18,-1368235.540086396,-0.09843277542965584
