,Abs Footprint,Percent Footprint
1,-56001110.08098602,-0.3276852922089203
4,-91595773.75195071,-0.6355391880173945
5,71696.77573352751,6.769490379896547
6,3525.9868702225085,0.43212995974844254
7,3555.2198708920187,0.04028250010015103
8,9323.26049458261,0.9601389286977552
9,1437.4952897194967,2.9933593641547533
11,2858.70081347792,0.5989553985154473
18,419063.5087154284,0.029196675467242018
