,Abs Footprint,Percent Footprint
1,-60273499.82941601,-0.3416519214191376
4,-94896749.29595612,-0.6371136768615848
5,70914.433029029,6.662906634601756
6,3390.6430507698697,0.40318078116304434
7,3386.178334645214,0.03713021322394698
8,8640.844562996592,0.8691271117748565
9,1432.036909383848,2.9150754492356095
11,2227.9036156267584,0.4580337142709493
18,-54485.291961276904,-0.0036841001589587733
